{
  "project_info": {
    "project_number": "453002730831",
    "project_id": "xsalon-prod",
    "storage_bucket": "xsalon-prod.firebasestorage.app"
  },
  "client": [
    {
      "client_info": {
        "mobilesdk_app_id": "1:453002730831:android:e37663d4f59a7a77f3f93a",
        "android_client_info": {
          "package_name": "com.galaxyaccess.me"
        }
      },
      "oauth_client": [
        {
          "client_id": "453002730831-6r1iq99o3drh086r47r6au6m184gcrru.apps.googleusercontent.com",
          "client_type": 3
        }
      ],
      "api_key": [
        {
          "current_key": "AIzaSyCa4hsFVaBuGC3HgyHI8ODJSPIiXggPzbM"
        }
      ],
      "services": {
        "appinvite_service": {
          "other_platform_oauth_client": [
            {
              "client_id": "453002730831-6r1iq99o3drh086r47r6au6m184gcrru.apps.googleusercontent.com",
              "client_type": 3
            }
          ]
        }
      }
    }
  ],
  "configuration_version": "1"
}